2021-05-09 00:00,220,60,1750,772
2021-05-09 00:01,220,60,1750,772
2021-05-09 00:02,220,60,1750,772
2021-05-09 00:03,220,60,1750,772
2021-05-09 00:04,220,60,1750,772
2021-05-09 00:05,220,60,1750,772
2021-05-09 00:06,220,60,1750,772
2021-05-09 00:07,220,60,1750,772
2021-05-09 00:08,220,60,1750,772
2021-05-09 00:09,220,60,1750,772
2021-05-09 00:10,220,60,1750,772
2021-05-09 00:11,220,60,1750,772
2021-05-09 00:12,220,60,1750,772
2021-05-09 00:13,220,60,1750,772
2021-05-09 00:14,220,60,1750,772
2021-05-09 00:15,220,60,1750,772
2021-05-09 00:16,220,60,1750,772
2021-05-09 00:17,220,60,1750,772
2021-05-09 00:18,220,60,1750,772
2021-05-09 00:19,220,60,1750,772
2021-05-09 00:20,220,60,1750,772
2021-05-09 00:21,220,60,1750,772
2021-05-09 00:22,220,60,1750,772
2021-05-09 00:23,220,60,1750,772
2021-05-09 00:24,220,60,1750,772
2021-05-09 00:25,220,60,1750,772
2021-05-09 00:26,220,60,1750,772
2021-05-09 00:27,220,60,1750,772
2021-05-09 00:28,220,60,1750,772
2021-05-09 00:29,220,60,1750,772
2021-05-09 00:30,220,60,1750,772
2021-05-09 00:31,220,60,1750,772
2021-05-09 00:32,220,60,1750,772
2021-05-09 00:33,220,60,1750,772
2021-05-09 00:34,220,60,1750,772
2021-05-09 00:35,220,60,1750,772
2021-05-09 00:36,220,60,1750,772
2021-05-09 00:37,220,60,1750,772
2021-05-09 00:38,220,60,1750,772
2021-05-09 00:39,220,60,1750,772
2021-05-09 00:40,220,60,1750,772
2021-05-09 00:41,220,60,1750,772
2021-05-09 00:42,220,60,1750,772
2021-05-09 00:43,220,60,1750,772
2021-05-09 00:44,220,60,1750,772
2021-05-09 00:45,220,60,1750,772
2021-05-09 00:46,220,60,1750,772
2021-05-09 00:47,220,60,1750,772
2021-05-09 00:48,220,60,1750,772
2021-05-09 00:49,220,60,1750,772
2021-05-09 00:50,220,60,1750,772
2021-05-09 00:51,220,60,1750,772
2021-05-09 00:52,220,60,1750,772
2021-05-09 00:53,220,60,1750,772
2021-05-09 00:54,220,60,1750,772
2021-05-09 00:55,220,60,1750,772
2021-05-09 00:56,220,60,1750,772
2021-05-09 00:57,220,60,1750,772
2021-05-09 00:58,220,60,1750,772
2021-05-09 00:59,220,60,1750,772
2021-05-09 01:00,220,60,1750,772
2021-05-09 01:01,220,60,1750,772
2021-05-09 01:02,220,60,1750,772
2021-05-09 01:03,220,60,1750,772
2021-05-09 01:04,220,60,1750,772
2021-05-09 01:05,220,60,1750,772
2021-05-09 01:06,220,60,1750,772
2021-05-09 01:07,220,60,1750,772
2021-05-09 01:08,220,60,1750,772
2021-05-09 01:09,220,60,1750,772
2021-05-09 01:10,220,60,1750,772
2021-05-09 01:11,220,60,1750,772
2021-05-09 01:12,220,60,1750,772
2021-05-09 01:13,220,60,1750,772
2021-05-09 01:14,220,60,1750,772
2021-05-09 01:15,220,60,1750,772
2021-05-09 01:16,220,60,1750,772
2021-05-09 01:17,220,60,1750,772
2021-05-09 01:18,220,60,1750,772
2021-05-09 01:19,220,60,1750,772
2021-05-09 01:20,220,60,1750,772
2021-05-09 01:21,220,60,1750,772
2021-05-09 01:22,220,60,1750,772
2021-05-09 01:23,220,60,1750,772
2021-05-09 01:24,220,60,1750,772
2021-05-09 01:25,220,60,1750,772
2021-05-09 01:26,220,60,1750,772
2021-05-09 01:27,220,60,1750,772
2021-05-09 01:28,220,60,1750,772
2021-05-09 01:29,220,60,1750,772
2021-05-09 01:30,220,60,1750,772
2021-05-09 01:31,220,60,1750,772
2021-05-09 01:32,220,60,1750,772
2021-05-09 01:33,220,60,1750,772
2021-05-09 01:34,220,60,1750,772
2021-05-09 01:35,220,60,1750,772
2021-05-09 01:36,220,60,1750,772
2021-05-09 01:37,220,60,1750,772
2021-05-09 01:38,220,60,1750,772
2021-05-09 01:39,220,60,1750,772
2021-05-09 01:40,220,60,1750,772
2021-05-09 01:41,220,60,1750,772
2021-05-09 01:42,220,60,1750,772
2021-05-09 01:43,220,60,1750,772
2021-05-09 01:44,220,60,1750,772
2021-05-09 01:45,220,60,1750,772
2021-05-09 01:46,220,60,1750,772
2021-05-09 01:47,220,60,1750,772
2021-05-09 01:48,220,60,1750,772
2021-05-09 01:49,220,60,1750,772
2021-05-09 01:50,220,60,1750,772
2021-05-09 01:51,220,60,1750,772
2021-05-09 01:52,220,60,1750,772
2021-05-09 01:53,220,60,1750,772
2021-05-09 01:54,220,60,1750,772
2021-05-09 01:55,220,60,1750,772
2021-05-09 01:56,220,60,1750,772
2021-05-09 01:57,220,60,1750,772
2021-05-09 01:58,220,60,1750,772
2021-05-09 01:59,220,60,1750,772
2021-05-09 02:00,220,60,1750,772
2021-05-09 02:01,220,60,1750,772
2021-05-09 02:02,220,60,1750,772
2021-05-09 02:03,220,60,1750,772
2021-05-09 02:04,220,60,1750,772
2021-05-09 02:05,220,60,1750,772
2021-05-09 02:06,220,60,1750,772
2021-05-09 02:07,220,60,1750,772
2021-05-09 02:08,220,60,1750,772
2021-05-09 02:09,220,60,1750,772
2021-05-09 02:10,220,60,1750,772
2021-05-09 02:11,220,60,1750,772
2021-05-09 02:12,220,60,1750,772
2021-05-09 02:13,220,60,1750,772
2021-05-09 02:14,220,60,1750,772
2021-05-09 02:15,220,60,1750,772
2021-05-09 02:16,220,60,1750,772
2021-05-09 02:17,220,60,1750,772
2021-05-09 02:18,220,60,1750,772
2021-05-09 02:19,220,60,1750,772
2021-05-09 02:20,220,60,1750,772
2021-05-09 02:21,220,60,1750,772
2021-05-09 02:22,220,60,1750,772
2021-05-09 02:23,220,60,1750,772
2021-05-09 02:24,220,60,1750,772
2021-05-09 02:25,220,60,1750,772
2021-05-09 02:26,220,60,1750,772
2021-05-09 02:27,220,60,1750,772
2021-05-09 02:28,220,60,1750,772
2021-05-09 02:29,220,60,1750,772
2021-05-09 02:30,220,60,1750,772
2021-05-09 02:31,220,60,1750,772
2021-05-09 02:32,220,60,1750,772
2021-05-09 02:33,220,60,1750,772
2021-05-09 02:34,220,60,1750,772
2021-05-09 02:35,220,60,1750,772
2021-05-09 02:36,220,60,1750,772
2021-05-09 02:37,220,60,1750,772
2021-05-09 02:38,220,60,1750,772
2021-05-09 02:39,220,60,1750,772
2021-05-09 02:40,220,60,1750,772
2021-05-09 02:41,220,60,1750,772
2021-05-09 02:42,220,60,1750,772
2021-05-09 02:43,220,60,1750,772
2021-05-09 02:44,220,60,1750,772
2021-05-09 02:45,220,60,1750,772
2021-05-09 02:46,220,60,1750,772
2021-05-09 02:47,220,60,1750,772
2021-05-09 02:48,220,60,1750,772
2021-05-09 02:49,220,60,1750,772
2021-05-09 02:50,220,60,1750,772
2021-05-09 02:51,220,60,1750,772
2021-05-09 02:52,220,60,1750,772
2021-05-09 02:53,220,60,1750,772
2021-05-09 02:54,220,60,1750,772
2021-05-09 02:55,220,60,1750,772
2021-05-09 02:56,220,60,1750,772
2021-05-09 02:57,220,60,1750,772
2021-05-09 02:58,220,60,1750,772
2021-05-09 02:59,220,60,1750,772
2021-05-09 03:00,220,60,1750,772
2021-05-09 03:01,220,60,1750,772
2021-05-09 03:02,220,60,1750,772
2021-05-09 03:03,220,60,1750,772
2021-05-09 03:04,220,60,1750,772
2021-05-09 03:05,220,60,1750,772
2021-05-09 03:06,220,60,1750,772
2021-05-09 03:07,220,60,1750,772
2021-05-09 03:08,220,60,1750,772
2021-05-09 03:09,220,60,1750,772
2021-05-09 03:10,220,60,1750,772
2021-05-09 03:11,220,60,1750,772
2021-05-09 03:12,220,60,1750,772
2021-05-09 03:13,220,60,1750,772
2021-05-09 03:14,220,60,1750,772
2021-05-09 03:15,220,60,1750,772
2021-05-09 03:16,220,60,1750,772
2021-05-09 03:17,220,60,1750,772
2021-05-09 03:18,220,60,1750,772
2021-05-09 03:19,220,60,1750,772
2021-05-09 03:20,220,60,1750,772
2021-05-09 03:21,220,60,1750,772
2021-05-09 03:22,220,60,1750,772
2021-05-09 03:23,220,60,1750,772
2021-05-09 03:24,220,60,1750,772
2021-05-09 03:25,220,60,1750,772
2021-05-09 03:26,220,60,1750,772
2021-05-09 03:27,220,60,1750,772
2021-05-09 03:28,220,60,1750,772
2021-05-09 03:29,220,60,1750,772
2021-05-09 03:30,220,60,1750,772
2021-05-09 03:31,220,60,1750,772
2021-05-09 03:32,220,60,1750,772
2021-05-09 03:33,220,60,1750,772
2021-05-09 03:34,220,60,1750,772
2021-05-09 03:35,220,60,1750,772
2021-05-09 03:36,220,60,1750,772
2021-05-09 03:37,220,60,1750,772
2021-05-09 03:38,220,60,1750,772
2021-05-09 03:39,220,60,1750,772
2021-05-09 03:40,220,60,1750,772
2021-05-09 03:41,220,60,1750,772
2021-05-09 03:42,220,60,1750,772
2021-05-09 03:43,220,60,1750,772
2021-05-09 03:44,220,60,1750,772
2021-05-09 03:45,220,60,1750,772
2021-05-09 03:46,220,60,1750,772
2021-05-09 03:47,220,60,1750,772
2021-05-09 03:48,220,60,1750,772
2021-05-09 03:49,220,60,1750,772
2021-05-09 03:50,220,60,1750,772
2021-05-09 03:51,220,60,1750,772
2021-05-09 03:52,220,60,1750,772
2021-05-09 03:53,220,60,1750,772
2021-05-09 03:54,220,60,1750,772
2021-05-09 03:55,220,60,1750,772
2021-05-09 03:56,220,60,1750,772
2021-05-09 03:57,220,60,1750,772
2021-05-09 03:58,220,60,1750,772
2021-05-09 03:59,220,60,1750,772
2021-05-09 04:00,220,60,1750,772
2021-05-09 04:01,220,60,1750,772
2021-05-09 04:02,220,60,1750,772
2021-05-09 04:03,220,60,1750,772
2021-05-09 04:04,220,60,1750,772
2021-05-09 04:05,220,60,1750,772
2021-05-09 04:06,220,60,1750,772
2021-05-09 04:07,220,60,1750,772
2021-05-09 04:08,220,60,1750,772
2021-05-09 04:09,220,60,1750,772
2021-05-09 04:10,220,60,1750,772
2021-05-09 04:11,220,60,1750,772
2021-05-09 04:12,220,60,1750,772
2021-05-09 04:13,220,60,1750,772
2021-05-09 04:14,220,60,1750,772
2021-05-09 04:15,220,60,1750,772
2021-05-09 04:17,220,60,1750,772
2021-05-09 04:18,220,60,1750,772
2021-05-09 04:19,220,60,1750,772
2021-05-09 04:20,220,60,1750,772
2021-05-09 04:21,220,60,1750,772
2021-05-09 04:22,220,60,1750,772
2021-05-09 04:23,220,60,1750,772
2021-05-09 04:24,220,60,1750,772
2021-05-09 04:25,220,60,1750,772
2021-05-09 04:26,220,60,1750,772
2021-05-09 04:27,220,60,1750,772
2021-05-09 04:28,220,60,1750,772
2021-05-09 04:29,220,60,1750,772
2021-05-09 04:30,220,60,1750,772
2021-05-09 04:31,220,60,1750,772
2021-05-09 04:32,220,60,1750,772
2021-05-09 04:33,220,60,1750,772
2021-05-09 04:34,220,60,1750,772
2021-05-09 04:35,220,60,1750,772
2021-05-09 04:36,220,60,1750,772
2021-05-09 04:37,220,60,1750,772
2021-05-09 04:38,220,60,1750,772
2021-05-09 04:39,220,60,1750,772
2021-05-09 04:40,220,60,1750,772
2021-05-09 04:41,220,60,1750,772
2021-05-09 04:42,220,60,1750,772
2021-05-09 04:43,220,60,1750,772
2021-05-09 04:44,220,60,1750,772
2021-05-09 04:45,220,60,1750,772
2021-05-09 04:46,220,60,1750,772
2021-05-09 04:47,220,60,1750,772
2021-05-09 04:48,220,60,1750,772
2021-05-09 04:49,220,60,1750,772
2021-05-09 04:50,220,60,1750,772
2021-05-09 04:51,220,60,1750,772
2021-05-09 04:52,220,60,1750,772
2021-05-09 04:53,220,60,1750,772
2021-05-09 04:54,220,60,1750,772
2021-05-09 04:55,220,60,1750,772
2021-05-09 04:56,220,60,1750,772
2021-05-09 04:57,220,60,1750,772
2021-05-09 04:58,220,60,1750,772
2021-05-09 04:59,220,60,1750,772
2021-05-09 05:00,220,60,1750,772
2021-05-09 05:01,220,60,1750,772
2021-05-09 05:02,220,60,1750,772
2021-05-09 05:03,220,60,1750,772
2021-05-09 05:04,220,60,1750,772
2021-05-09 05:05,220,60,1750,772
2021-05-09 05:06,220,60,1750,772
2021-05-09 05:07,220,60,1750,772
2021-05-09 05:08,220,60,1750,772
2021-05-09 05:09,220,60,1750,772
2021-05-09 05:10,220,60,1750,772
2021-05-09 05:11,220,60,1750,772
2021-05-09 05:12,220,60,1750,772
2021-05-09 05:13,220,60,1750,772
2021-05-09 05:14,220,60,1750,772
2021-05-09 05:15,220,60,1750,772
2021-05-09 05:16,220,60,1750,772
2021-05-09 05:17,220,60,1750,772
2021-05-09 05:18,220,60,1750,772
2021-05-09 05:19,220,60,1750,772
2021-05-09 05:20,220,60,1750,772
2021-05-09 05:21,220,60,1750,772
2021-05-09 05:22,220,60,1750,772
2021-05-09 05:23,220,60,1750,772
2021-05-09 05:24,220,60,1750,772
2021-05-09 05:25,220,60,1750,772
2021-05-09 05:26,220,60,1750,772
2021-05-09 05:27,220,60,1750,772
2021-05-09 05:28,220,60,1750,772
2021-05-09 05:29,220,60,1750,772
2021-05-09 05:30,220,60,1750,772
2021-05-09 05:31,220,60,1750,772
2021-05-09 05:32,220,60,1750,772
2021-05-09 05:33,220,60,1750,772
2021-05-09 05:34,220,60,1750,772
2021-05-09 05:35,220,60,1750,772
2021-05-09 05:36,220,60,1750,772
2021-05-09 05:37,220,60,1750,772
2021-05-09 05:38,220,60,1750,772
2021-05-09 05:39,220,60,1750,772
2021-05-09 05:40,220,60,1750,772
2021-05-09 05:41,220,60,1750,772
2021-05-09 05:42,220,60,1750,772
2021-05-09 05:43,220,60,1750,772
2021-05-09 05:44,220,60,1750,772
2021-05-09 05:45,220,60,1750,772
2021-05-09 05:46,220,60,1750,772
2021-05-09 05:47,220,60,1750,772
2021-05-09 05:48,220,60,1750,772
2021-05-09 05:49,220,60,1750,772
2021-05-09 05:50,220,60,1750,772
2021-05-09 05:51,220,60,1750,772
2021-05-09 05:52,220,60,1750,772
2021-05-09 05:53,220,60,1750,772
2021-05-09 05:54,220,60,1750,772
2021-05-09 05:55,220,60,1750,772
2021-05-09 05:56,220,60,1750,772
2021-05-09 05:57,220,60,1750,772
2021-05-09 05:58,220,60,1750,772
2021-05-09 05:59,220,60,1750,772
2021-05-09 06:00,220,60,1750,772
2021-05-09 06:01,220,60,1750,772
2021-05-09 06:02,220,60,1750,772
2021-05-09 06:03,220,60,1750,772
2021-05-09 06:04,220,60,1750,772
2021-05-09 06:05,220,60,1750,772
2021-05-09 06:06,220,60,1750,772
2021-05-09 06:07,220,60,1750,772
2021-05-09 06:08,220,60,1750,772
2021-05-09 06:09,220,60,1750,772
2021-05-09 06:10,220,60,1750,772
2021-05-09 06:11,220,60,1750,772
2021-05-09 06:12,220,60,1750,772
2021-05-09 06:13,220,60,1750,772
2021-05-09 06:14,220,60,1750,772
2021-05-09 06:15,220,60,1750,772
2021-05-09 06:16,220,60,1750,772
2021-05-09 06:17,220,60,1750,772
2021-05-09 06:18,220,60,1750,772
2021-05-09 06:19,220,60,1750,772
2021-05-09 06:20,220,60,1750,772
2021-05-09 06:21,220,60,1750,772
2021-05-09 06:22,220,60,1750,772
2021-05-09 06:23,220,60,1750,772
2021-05-09 06:24,220,60,1750,772
2021-05-09 06:25,220,60,1750,772
2021-05-09 06:26,220,60,1750,772
2021-05-09 06:27,220,60,1750,772
2021-05-09 06:28,220,60,1750,772
2021-05-09 06:29,220,60,1750,772
2021-05-09 06:30,220,60,1750,772
2021-05-09 06:31,220,60,1750,772
2021-05-09 06:32,220,60,1750,772
2021-05-09 06:33,220,60,1750,772
2021-05-09 06:34,220,60,1750,772
2021-05-09 06:35,220,60,1750,772
2021-05-09 06:36,220,60,1750,772
2021-05-09 06:37,220,60,1750,772
2021-05-09 06:38,220,60,1750,772
2021-05-09 06:39,220,60,1750,772
2021-05-09 06:40,220,60,1750,772
2021-05-09 06:41,220,60,1750,772
2021-05-09 06:42,220,60,1750,772
2021-05-09 06:43,220,60,1750,772
2021-05-09 06:44,220,60,1750,772
2021-05-09 06:45,220,60,1750,772
2021-05-09 06:46,220,60,1750,772
2021-05-09 06:47,220,60,1750,772
2021-05-09 06:48,220,60,1750,772
2021-05-09 06:49,220,60,1750,772
2021-05-09 06:50,220,60,1750,772
2021-05-09 06:51,220,60,1750,772
2021-05-09 06:52,220,60,1750,772
2021-05-09 06:53,220,60,1750,772
2021-05-09 06:54,220,60,1750,772
2021-05-09 06:55,220,60,1750,772
2021-05-09 06:56,220,60,1750,772
2021-05-09 06:57,220,60,1750,772
2021-05-09 06:58,220,60,1750,772
2021-05-09 06:59,220,60,1750,772
2021-05-09 07:00,220,60,1750,772
2021-05-09 07:01,220,60,1750,772
2021-05-09 07:02,220,60,1750,772
2021-05-09 07:03,220,60,1750,772
2021-05-09 07:04,220,60,1750,772
2021-05-09 07:05,220,60,1750,772
2021-05-09 07:06,220,60,1750,772
2021-05-09 07:07,220,60,1750,772
2021-05-09 07:08,220,60,1750,772
2021-05-09 07:09,220,60,1750,772
2021-05-09 07:10,220,60,1750,772
2021-05-09 07:11,220,60,1750,772
2021-05-09 07:12,220,60,1750,772
2021-05-09 07:13,220,60,1750,772
2021-05-09 07:14,220,60,1750,772
2021-05-09 07:15,220,60,1750,772
2021-05-09 07:16,220,60,1750,772
2021-05-09 07:17,220,60,1750,772
2021-05-09 07:18,220,60,1750,772
2021-05-09 07:19,220,60,1750,772
2021-05-09 07:20,220,60,1750,772
2021-05-09 07:21,220,60,1750,772
2021-05-09 07:22,220,60,1750,772
2021-05-09 07:23,220,60,1750,772
2021-05-09 07:24,220,60,1750,772
2021-05-09 07:25,220,60,1750,772
2021-05-09 07:26,220,60,1750,772
2021-05-09 07:27,220,60,1750,772
2021-05-09 07:28,220,60,1750,772
2021-05-09 07:29,220,60,1750,772
2021-05-09 07:30,220,60,1750,772
2021-05-09 07:31,220,60,1750,772
2021-05-09 07:32,220,60,1750,772
2021-05-09 07:33,220,60,1750,772
2021-05-09 07:34,220,60,1750,772
2021-05-09 07:35,220,60,1750,772
2021-05-09 07:36,220,60,1750,772
2021-05-09 07:37,220,60,1750,772
2021-05-09 07:38,220,60,1750,772
2021-05-09 07:39,220,60,1750,772
2021-05-09 07:40,220,60,1750,772
2021-05-09 07:41,220,60,1750,772
2021-05-09 07:42,220,60,1750,772
2021-05-09 07:43,220,60,1750,772
2021-05-09 07:44,220,60,1750,772
2021-05-09 07:45,220,60,1750,772
2021-05-09 07:46,220,60,1750,772
2021-05-09 07:47,220,60,1750,772
2021-05-09 07:48,220,60,1750,772
2021-05-09 07:49,220,60,1750,772
2021-05-09 07:50,220,60,1750,772
2021-05-09 07:51,220,60,1750,772
2021-05-09 07:52,220,60,1750,772
2021-05-09 07:53,220,60,1750,772
2021-05-09 07:54,220,60,1750,772
2021-05-09 07:55,220,60,1750,772
2021-05-09 07:56,220,60,1750,772
2021-05-09 07:57,220,60,1750,772
2021-05-09 07:58,220,60,1750,772
2021-05-09 07:59,220,60,1750,772
2021-05-09 08:00,220,60,1750,772
2021-05-09 08:01,220,60,1750,772
2021-05-09 08:02,220,60,1750,772
2021-05-09 08:03,220,60,1750,772
2021-05-09 08:04,220,60,1750,772
2021-05-09 08:05,220,60,1750,772
2021-05-09 08:06,220,60,1750,772
2021-05-09 08:07,220,60,1750,772
2021-05-09 08:08,220,60,1750,772
2021-05-09 08:09,220,60,1750,772
2021-05-09 08:10,220,60,1750,772
2021-05-09 08:11,220,60,1750,772
2021-05-09 08:12,220,60,1750,772
2021-05-09 08:13,220,60,1750,772
2021-05-09 08:14,220,60,1750,772
2021-05-09 08:15,220,60,1750,772
2021-05-09 08:16,220,60,1750,772
2021-05-09 08:17,220,60,1750,772
2021-05-09 08:18,220,60,1750,772
2021-05-09 08:19,220,60,1750,772
2021-05-09 08:20,220,60,1750,772
2021-05-09 08:21,220,60,1750,772
2021-05-09 08:22,220,60,1750,772
2021-05-09 08:23,220,60,1750,772
2021-05-09 08:24,220,60,1750,772
2021-05-09 08:25,220,60,1750,772
2021-05-09 08:26,220,60,1750,772
2021-05-09 08:27,220,60,1750,772
2021-05-09 08:28,220,60,1750,772
2021-05-09 08:29,220,60,1750,772
2021-05-09 08:30,220,60,1750,772
2021-05-09 08:31,220,60,1750,772
2021-05-09 08:32,220,60,1750,772
2021-05-09 08:33,220,60,1750,772
2021-05-09 08:34,220,60,1750,772
2021-05-09 08:35,220,60,1750,772
2021-05-09 08:36,220,60,1750,772
2021-05-09 08:37,220,60,1750,772
2021-05-09 08:38,220,60,1750,772
2021-05-09 08:39,220,60,1750,772
2021-05-09 08:40,220,60,1750,772
2021-05-09 08:41,220,60,1750,772
2021-05-09 08:42,220,60,1750,772
2021-05-09 08:43,220,60,1750,772
2021-05-09 08:44,220,60,1750,772
2021-05-09 08:45,220,60,1750,772
2021-05-09 08:46,220,60,1750,772
2021-05-09 08:48,220,60,1750,772
2021-05-09 08:49,220,60,1750,772
2021-05-09 08:50,220,60,1750,772
2021-05-09 08:51,220,60,1750,772
2021-05-09 08:52,220,60,1750,772
2021-05-09 08:53,220,60,1750,772
2021-05-09 08:54,220,60,1750,772
2021-05-09 08:55,220,60,1750,772
2021-05-09 08:56,220,60,1750,772
2021-05-09 08:57,220,60,1750,772
2021-05-09 08:58,220,60,1750,772
2021-05-09 08:59,220,60,1750,772
2021-05-09 09:00,220,60,1750,772
2021-05-09 09:01,220,60,1750,772
2021-05-09 09:02,220,60,1750,772
2021-05-09 09:03,220,60,1750,772
2021-05-09 09:04,220,60,1750,772
2021-05-09 09:05,220,60,1750,772
2021-05-09 09:06,220,60,1750,772
2021-05-09 09:07,220,60,1750,772
2021-05-09 09:08,220,60,1750,772
2021-05-09 09:09,220,60,1750,772
2021-05-09 09:10,220,60,1750,772
2021-05-09 09:11,220,60,1750,772
2021-05-09 09:12,220,60,1750,772
2021-05-09 09:13,220,60,1750,772
2021-05-09 09:14,220,60,1750,772
2021-05-09 09:15,220,60,1750,772
2021-05-09 09:16,220,60,1750,772
2021-05-09 09:17,220,60,1750,772
2021-05-09 09:18,220,60,1750,772
2021-05-09 09:19,220,60,1750,772
2021-05-09 09:20,220,60,1750,772
2021-05-09 09:21,220,60,1750,772
2021-05-09 09:22,220,60,1750,772
2021-05-09 09:23,220,60,1750,772
2021-05-09 09:24,220,60,1750,772
2021-05-09 09:25,220,60,1750,772
2021-05-09 09:26,220,60,1750,772
2021-05-09 09:27,220,60,1750,772
2021-05-09 09:28,220,60,1750,772
2021-05-09 09:29,220,60,1750,772
2021-05-09 09:30,220,60,1750,772
2021-05-09 09:31,220,60,1750,772
2021-05-09 09:32,220,60,1750,772
2021-05-09 09:33,220,60,1750,772
2021-05-09 09:34,220,60,1750,772
2021-05-09 09:35,220,60,1750,772
2021-05-09 09:36,220,60,1750,772
2021-05-09 09:37,220,60,1750,772
2021-05-09 09:38,220,60,1750,772
2021-05-09 09:39,220,60,1750,772
2021-05-09 09:40,220,60,1750,772
2021-05-09 09:41,220,60,1750,772
2021-05-09 09:42,220,60,1750,772
2021-05-09 09:43,220,60,1750,772
2021-05-09 09:44,220,60,1750,772
2021-05-09 09:45,220,60,1750,772
2021-05-09 09:46,220,60,1750,772
2021-05-09 09:47,220,60,1750,772
2021-05-09 09:48,220,60,1750,772
2021-05-09 09:49,220,60,1750,772
2021-05-09 09:50,220,60,1750,772
2021-05-09 09:51,220,60,1750,772
2021-05-09 09:52,220,60,1750,772
2021-05-09 09:53,220,60,1750,772
2021-05-09 09:54,220,60,1750,772
2021-05-09 09:55,220,60,1750,772
2021-05-09 09:56,220,60,1750,772
2021-05-09 09:57,220,60,1750,772
2021-05-09 09:58,220,60,1750,772
2021-05-09 09:59,220,60,1750,772
2021-05-09 10:00,220,60,1750,772
2021-05-09 10:01,220,60,1750,772
2021-05-09 10:02,220,60,1750,772
2021-05-09 10:03,220,60,1750,772
2021-05-09 10:04,220,60,1750,772
2021-05-09 10:05,220,60,1750,772
2021-05-09 10:06,220,60,1750,772
2021-05-09 10:07,220,60,1750,772
2021-05-09 10:08,220,60,1750,772
2021-05-09 10:09,220,60,1750,772
2021-05-09 10:10,220,60,1750,772
2021-05-09 10:11,220,60,1750,772
2021-05-09 10:12,220,60,1750,772
2021-05-09 10:13,220,60,1750,772
2021-05-09 10:14,220,60,1750,772
2021-05-09 10:15,220,60,1750,772
2021-05-09 10:16,220,60,1750,772
2021-05-09 10:17,220,60,1750,772
2021-05-09 10:18,220,60,1750,772
2021-05-09 10:19,220,60,1750,772
2021-05-09 10:20,220,60,1750,772
2021-05-09 10:21,220,60,1750,772
2021-05-09 10:22,220,60,1750,772
2021-05-09 10:23,220,60,1750,772
2021-05-09 10:24,220,60,1750,772
2021-05-09 10:25,220,60,1750,772
2021-05-09 10:26,220,60,1750,772
2021-05-09 10:27,220,60,1750,772
2021-05-09 10:28,220,60,1750,772
2021-05-09 10:29,220,60,1750,772
2021-05-09 10:30,220,60,1750,772
2021-05-09 10:31,220,60,1750,772
2021-05-09 10:32,220,60,1750,772
2021-05-09 10:33,220,60,1750,772
2021-05-09 10:34,220,60,1750,772
2021-05-09 10:35,220,60,1750,772
2021-05-09 10:36,220,60,1750,772
2021-05-09 10:37,220,60,1750,772
2021-05-09 10:38,220,60,1750,772
2021-05-09 10:39,220,60,1750,772
2021-05-09 10:40,220,60,1750,772
2021-05-09 10:41,220,60,1750,772
2021-05-09 10:42,220,60,1750,772
2021-05-09 10:43,220,60,1750,772
2021-05-09 10:44,220,60,1750,772
2021-05-09 10:45,220,60,1750,772
2021-05-09 10:46,220,60,1750,772
2021-05-09 10:47,220,60,1750,772
2021-05-09 10:48,220,60,1750,772
2021-05-09 10:49,220,60,1750,772
2021-05-09 10:50,220,60,1750,772
2021-05-09 10:51,220,60,1750,772
2021-05-09 10:52,220,60,1750,772
2021-05-09 10:53,220,60,1750,772
2021-05-09 10:54,220,60,1750,772
2021-05-09 10:55,220,60,1750,772
2021-05-09 10:56,220,60,1750,772
2021-05-09 10:57,220,60,1750,772
2021-05-09 10:58,220,60,1750,772
2021-05-09 10:59,220,60,1750,772
2021-05-09 11:00,220,60,1750,772
2021-05-09 11:01,220,60,1750,772
2021-05-09 11:02,220,60,1750,772
2021-05-09 11:03,220,60,1750,772
2021-05-09 11:04,220,60,1750,772
2021-05-09 11:05,220,60,1750,772
2021-05-09 11:06,220,60,1750,772
2021-05-09 11:07,220,60,1750,772
2021-05-09 11:08,220,60,1750,772
2021-05-09 11:09,220,60,1750,772
2021-05-09 11:10,220,60,1750,772
2021-05-09 11:11,220,60,1750,772
2021-05-09 11:12,220,60,1750,772
2021-05-09 11:13,220,60,1750,772
2021-05-09 11:14,220,60,1750,772
2021-05-09 11:15,220,60,1750,772
2021-05-09 11:16,220,60,1750,772
2021-05-09 11:17,220,60,1750,772
2021-05-09 11:18,220,60,1750,772
2021-05-09 11:19,220,60,1750,772
2021-05-09 11:20,220,60,1750,772
2021-05-09 11:21,220,60,1750,772
2021-05-09 11:22,220,60,1750,772
2021-05-09 11:23,220,60,1750,772
2021-05-09 11:24,220,60,1750,772
2021-05-09 11:25,220,60,1750,772
2021-05-09 11:26,220,60,1750,772
2021-05-09 11:27,220,60,1750,772
2021-05-09 11:28,220,60,1750,772
2021-05-09 11:29,220,60,1750,772
2021-05-09 11:30,220,60,1750,772
2021-05-09 11:31,220,60,1750,772
2021-05-09 11:32,220,60,1750,772
2021-05-09 11:33,220,60,1750,772
2021-05-09 11:34,220,60,1750,772
2021-05-09 11:35,220,60,1750,772
2021-05-09 11:36,220,60,1750,772
2021-05-09 11:37,220,60,1750,772
2021-05-09 11:38,220,60,1750,772
2021-05-09 11:39,220,60,1750,772
2021-05-09 11:40,220,60,1750,772
2021-05-09 11:41,220,60,1750,772
2021-05-09 11:42,220,60,1750,772
2021-05-09 11:43,220,60,1750,772
2021-05-09 11:44,220,60,1750,772
2021-05-09 11:45,220,60,1750,772
2021-05-09 11:46,220,60,1750,772
2021-05-09 11:47,220,60,1750,772
2021-05-09 11:48,220,60,1750,772
2021-05-09 11:49,220,60,1750,772
2021-05-09 11:50,220,60,1750,772
2021-05-09 11:51,220,60,1750,772
2021-05-09 11:52,220,60,1750,772
2021-05-09 11:53,220,60,1750,772
2021-05-09 11:54,220,60,1750,772
2021-05-09 11:55,220,60,1750,772
2021-05-09 11:56,220,60,1750,772
2021-05-09 11:57,220,60,1750,772
2021-05-09 11:58,220,60,1750,772
2021-05-09 11:59,220,60,1750,772
2021-05-09 12:00,220,60,1750,772
2021-05-09 12:01,220,60,1750,772
2021-05-09 12:02,220,60,1750,772
2021-05-09 12:03,220,60,1750,772
2021-05-09 12:04,220,60,1750,772
2021-05-09 12:05,220,60,1750,772
2021-05-09 12:06,220,60,1750,772
2021-05-09 12:07,220,60,1750,772
2021-05-09 12:08,220,60,1750,772
2021-05-09 12:09,220,60,1750,772
2021-05-09 12:10,220,60,1750,772
2021-05-09 12:11,220,60,1750,772
2021-05-09 12:12,220,60,1750,772
2021-05-09 12:13,220,60,1750,772
2021-05-09 12:14,220,60,1750,772
2021-05-09 12:15,220,60,1750,772
2021-05-09 12:16,220,60,1750,772
2021-05-09 12:17,220,60,1750,772
2021-05-09 12:18,220,60,1750,772
2021-05-09 12:19,220,60,1750,772
2021-05-09 12:20,220,60,1750,772
2021-05-09 12:21,220,60,1750,772
2021-05-09 12:22,220,60,1750,772
2021-05-09 12:23,220,60,1750,772
2021-05-09 12:24,220,60,1750,772
2021-05-09 12:25,220,60,1750,772
2021-05-09 12:26,220,60,1750,772
2021-05-09 12:27,220,60,1750,772
2021-05-09 12:28,220,60,1750,772
2021-05-09 12:29,220,60,1750,772
2021-05-09 12:30,220,60,1750,772
2021-05-09 12:31,220,60,1750,772
2021-05-09 12:32,220,60,1750,772
2021-05-09 12:33,220,60,1750,772
2021-05-09 12:34,220,60,1750,772
2021-05-09 12:35,220,60,1750,772
2021-05-09 12:36,220,60,1750,772
2021-05-09 12:37,220,60,1750,772
2021-05-09 12:38,220,60,1750,772
2021-05-09 12:39,220,60,1750,772
2021-05-09 12:40,220,60,1750,772
2021-05-09 12:41,220,60,1750,772
2021-05-09 12:42,220,60,1750,772
2021-05-09 12:43,220,60,1750,772
2021-05-09 12:44,220,60,1750,772
2021-05-09 12:45,220,60,1750,772
2021-05-09 12:46,220,60,1750,772
2021-05-09 12:47,220,60,1750,772
2021-05-09 12:48,220,60,1750,772
2021-05-09 12:49,220,60,1750,772
2021-05-09 12:50,220,60,1750,772
2021-05-09 12:51,220,60,1750,772
2021-05-09 12:52,220,60,1750,772
2021-05-09 12:53,220,60,1750,772
2021-05-09 12:54,220,60,1750,772
2021-05-09 12:55,220,60,1750,772
2021-05-09 12:56,220,60,1750,772
2021-05-09 12:57,220,60,1750,772
2021-05-09 12:58,220,60,1750,772
2021-05-09 12:59,220,60,1750,772
2021-05-09 13:00,220,60,1750,772
2021-05-09 13:01,220,60,1750,772
2021-05-09 13:02,220,60,1750,772
2021-05-09 13:03,220,60,1750,772
2021-05-09 13:04,220,60,1750,772
2021-05-09 13:05,220,60,1750,772
2021-05-09 13:06,220,60,1750,772
2021-05-09 13:07,220,60,1750,772
2021-05-09 13:08,220,60,1750,772
2021-05-09 13:09,220,60,1750,772
2021-05-09 13:10,220,60,1750,772
2021-05-09 13:11,220,60,1750,772
2021-05-09 13:12,220,60,1750,772
2021-05-09 13:13,220,60,1750,772
2021-05-09 13:14,220,60,1750,772
2021-05-09 13:15,220,60,1750,772
2021-05-09 13:16,220,60,1750,772
2021-05-09 13:17,220,60,1750,772
2021-05-09 13:18,220,60,1750,772
2021-05-09 13:19,220,60,1750,772
2021-05-09 13:21,220,60,1750,772
2021-05-09 13:22,220,60,1750,772
2021-05-09 13:23,220,60,1750,772
2021-05-09 13:24,220,60,1750,772
2021-05-09 13:25,220,60,1750,772
2021-05-09 13:26,220,60,1750,772
2021-05-09 13:27,220,60,1750,772
2021-05-09 13:28,220,60,1750,772
2021-05-09 13:29,220,60,1750,772
2021-05-09 13:30,220,60,1750,772
2021-05-09 13:31,220,60,1750,772
2021-05-09 13:32,220,60,1750,772
2021-05-09 13:33,220,60,1750,772
2021-05-09 13:34,220,60,1750,772
2021-05-09 13:35,220,60,1750,772
2021-05-09 13:36,220,60,1750,772
2021-05-09 13:37,220,60,1750,772
2021-05-09 13:38,220,60,1750,772
2021-05-09 13:39,220,60,1750,772
2021-05-09 13:40,220,60,1750,772
2021-05-09 13:41,220,60,1750,772
2021-05-09 13:42,220,60,1750,772
2021-05-09 13:43,220,60,1750,772
2021-05-09 13:44,220,60,1750,772
2021-05-09 13:45,220,60,1750,772
2021-05-09 13:46,220,60,1750,772
2021-05-09 13:47,220,60,1750,772
2021-05-09 13:48,220,60,1750,772
2021-05-09 13:49,220,60,1750,772
2021-05-09 13:50,220,60,1750,772
2021-05-09 13:51,220,60,1750,772
2021-05-09 13:52,220,60,1750,772
2021-05-09 13:53,220,60,1750,772
2021-05-09 13:54,220,60,1750,772
2021-05-09 13:55,220,60,1750,772
2021-05-09 13:56,220,60,1750,772
2021-05-09 13:57,220,60,1750,772
2021-05-09 13:58,220,60,1750,772
2021-05-09 13:59,220,60,1750,772
2021-05-09 14:00,220,60,1750,772
2021-05-09 14:01,220,60,1750,772
2021-05-09 14:02,220,60,1750,772
2021-05-09 14:03,220,60,1750,772
2021-05-09 14:04,220,60,1750,772
2021-05-09 14:05,220,60,1750,772
2021-05-09 14:06,220,60,1750,772
2021-05-09 14:07,220,60,1750,772
2021-05-09 14:08,220,60,1750,772
2021-05-09 14:09,220,60,1750,772
2021-05-09 14:10,220,60,1750,772
2021-05-09 14:11,220,60,1750,772
2021-05-09 14:12,220,60,1750,772
2021-05-09 14:13,220,60,1750,772
2021-05-09 14:14,220,60,1750,772
2021-05-09 14:15,220,60,1750,772
2021-05-09 14:16,220,60,1750,772
2021-05-09 14:17,220,60,1750,772
2021-05-09 14:18,220,60,1750,772
2021-05-09 14:19,220,60,1750,772
2021-05-09 14:20,220,60,1750,772
2021-05-09 14:21,220,60,1750,772
2021-05-09 14:22,220,60,1750,772
2021-05-09 14:23,220,60,1750,772
2021-05-09 14:24,220,60,1750,772
2021-05-09 14:25,220,60,1750,772
2021-05-09 14:26,220,60,1750,772
2021-05-09 14:27,220,60,1750,772
2021-05-09 14:28,220,60,1750,772
2021-05-09 14:29,220,60,1750,772
2021-05-09 14:30,220,60,1750,772
2021-05-09 14:31,220,60,1750,772
2021-05-09 14:32,220,60,1750,772
2021-05-09 14:33,220,60,1750,772
2021-05-09 14:34,220,60,1750,772
2021-05-09 14:35,220,60,1750,772
2021-05-09 14:36,220,60,1750,772
2021-05-09 14:37,220,60,1750,772
2021-05-09 14:38,220,60,1750,772
2021-05-09 14:39,220,60,1750,772
2021-05-09 14:40,220,60,1750,772
2021-05-09 14:41,220,60,1750,772
2021-05-09 14:42,220,60,1750,772
2021-05-09 14:43,220,60,1750,772
2021-05-09 14:44,220,60,1750,772
2021-05-09 14:45,220,60,1750,772
2021-05-09 14:46,220,60,1750,772
2021-05-09 14:47,220,60,1750,772
2021-05-09 14:48,220,60,1750,772
2021-05-09 14:49,220,60,1750,772
2021-05-09 14:50,220,60,1750,772
2021-05-09 14:51,220,60,1750,772
2021-05-09 14:52,220,60,1750,772
2021-05-09 14:53,220,60,1750,772
2021-05-09 14:54,220,60,1750,772
2021-05-09 14:55,220,60,1750,772
2021-05-09 14:56,220,60,1750,772
2021-05-09 14:57,220,60,1750,772
2021-05-09 14:58,220,60,1750,772
2021-05-09 14:59,220,60,1750,772
2021-05-09 15:00,220,60,1750,772
2021-05-09 15:01,220,60,1750,772
2021-05-09 15:02,220,60,1750,772
2021-05-09 15:03,220,60,1750,772
2021-05-09 15:04,220,60,1750,772
2021-05-09 15:05,220,60,1750,772
2021-05-09 15:06,220,60,1750,772
2021-05-09 15:07,220,60,1750,772
2021-05-09 15:08,220,60,1750,772
2021-05-09 15:09,220,60,1750,772
2021-05-09 15:10,220,60,1750,772
2021-05-09 15:11,220,60,1750,772
2021-05-09 15:12,220,60,1750,772
2021-05-09 15:13,220,60,1750,772
2021-05-09 15:14,220,60,1750,772
2021-05-09 15:15,220,60,1750,772
2021-05-09 15:16,220,60,1750,772
2021-05-09 15:17,220,60,1750,772
2021-05-09 15:18,220,60,1750,772
2021-05-09 15:19,220,60,1750,772
2021-05-09 15:20,220,60,1750,772
2021-05-09 15:21,220,60,1750,772
2021-05-09 15:22,220,60,1750,772
2021-05-09 15:23,220,60,1750,772
2021-05-09 15:24,220,60,1750,772
2021-05-09 15:25,220,60,1750,772
2021-05-09 15:26,220,60,1750,772
2021-05-09 15:27,220,60,1750,772
2021-05-09 15:28,220,60,1750,772
2021-05-09 15:29,220,60,1750,772
2021-05-09 15:30,220,60,1750,772
2021-05-09 15:31,220,60,1750,772
2021-05-09 15:32,220,60,1750,772
2021-05-09 15:33,220,60,1750,772
2021-05-09 15:34,220,60,1750,772
2021-05-09 15:35,220,60,1750,772
2021-05-09 15:36,220,60,1750,772
2021-05-09 15:37,220,60,1750,772
2021-05-09 15:38,220,60,1750,772
2021-05-09 15:39,220,60,1750,772
2021-05-09 15:40,220,60,1750,772
2021-05-09 15:41,220,60,1750,772
2021-05-09 15:42,220,60,1750,772
2021-05-09 15:43,220,60,1750,772
2021-05-09 15:44,220,60,1750,772
2021-05-09 15:45,220,60,1750,772
2021-05-09 15:46,220,60,1750,772
2021-05-09 15:47,220,60,1750,772
2021-05-09 15:48,220,60,1750,772
2021-05-09 15:49,220,60,1750,772
2021-05-09 15:50,220,60,1750,772
2021-05-09 15:51,220,60,1750,772
2021-05-09 15:52,220,60,1750,772
2021-05-09 15:53,220,60,1750,772
2021-05-09 15:54,220,60,1750,772
2021-05-09 15:55,220,60,1750,772
2021-05-09 15:56,220,60,1750,772
2021-05-09 15:57,220,60,1750,772
2021-05-09 15:58,220,60,1750,772
2021-05-09 15:59,220,60,1750,772
2021-05-09 16:00,220,60,1750,772
2021-05-09 16:01,220,60,1750,772
2021-05-09 16:02,220,60,1750,772
2021-05-09 16:03,220,60,1750,772
2021-05-09 16:04,220,60,1750,772
2021-05-09 16:05,220,60,1750,772
2021-05-09 16:06,220,60,1750,772
2021-05-09 16:07,220,60,1750,772
2021-05-09 16:08,220,60,1750,772
2021-05-09 16:09,220,60,1750,772
2021-05-09 16:10,220,60,1750,772
2021-05-09 16:11,220,60,1750,772
2021-05-09 16:12,220,60,1750,772
2021-05-09 16:13,220,60,1750,772
2021-05-09 16:14,220,60,1750,772
2021-05-09 16:15,220,60,1750,772
2021-05-09 16:16,220,60,1750,772
2021-05-09 16:17,220,60,1750,772
2021-05-09 16:18,220,60,1750,772
2021-05-09 16:19,220,60,1750,772
2021-05-09 16:20,220,60,1750,772
2021-05-09 16:21,220,60,1750,772
2021-05-09 16:22,220,60,1750,772
2021-05-09 16:23,220,60,1750,772
2021-05-09 16:24,220,60,1750,772
2021-05-09 16:25,220,60,1750,772
2021-05-09 16:26,220,60,1750,772
2021-05-09 16:27,220,60,1750,772
2021-05-09 16:28,220,60,1750,772
2021-05-09 16:29,220,60,1750,772
2021-05-09 16:30,220,60,1750,772
2021-05-09 16:31,220,60,1750,772
2021-05-09 16:32,220,60,1750,772
2021-05-09 16:33,220,60,1750,772
2021-05-09 16:34,220,60,1750,772
2021-05-09 16:35,220,60,1750,772
2021-05-09 16:36,220,60,1750,772
2021-05-09 16:37,220,60,1750,772
2021-05-09 16:38,220,60,1750,772
2021-05-09 16:39,220,60,1750,772
2021-05-09 16:40,220,60,1750,772
2021-05-09 16:41,220,60,1750,772
2021-05-09 16:42,220,60,1750,772
2021-05-09 16:43,220,60,1750,772
2021-05-09 16:44,220,60,1750,772
2021-05-09 16:45,220,60,1750,772
2021-05-09 16:46,220,60,1750,772
2021-05-09 16:47,220,60,1750,772
2021-05-09 16:48,220,60,1750,772
2021-05-09 16:49,220,60,1750,772
2021-05-09 16:50,220,60,1750,772
2021-05-09 16:51,220,60,1750,772
2021-05-09 16:52,220,60,1750,772
2021-05-09 16:53,220,60,1750,772
2021-05-09 16:54,220,60,1750,772
2021-05-09 16:55,220,60,1750,772
2021-05-09 16:56,220,60,1750,772
2021-05-09 16:57,220,60,1750,772
2021-05-09 16:58,220,60,1750,772
2021-05-09 16:59,220,60,1750,772
2021-05-09 17:00,220,60,1750,772
2021-05-09 17:01,220,60,1750,772
2021-05-09 17:02,220,60,1750,772
2021-05-09 17:03,220,60,1750,772
2021-05-09 17:04,220,60,1750,772
2021-05-09 17:05,220,60,1750,772
2021-05-09 17:06,220,60,1750,772
2021-05-09 17:07,220,60,1750,772
2021-05-09 17:08,220,60,1750,772
2021-05-09 17:09,220,60,1750,772
2021-05-09 17:10,220,60,1750,772
2021-05-09 17:11,220,60,1750,772
2021-05-09 17:12,220,60,1750,772
2021-05-09 17:13,220,60,1750,772
2021-05-09 17:14,220,60,1750,772
2021-05-09 17:15,220,60,1750,772
2021-05-09 17:16,220,60,1750,772
2021-05-09 17:17,220,60,1750,772
2021-05-09 17:18,220,60,1750,772
2021-05-09 17:19,220,60,1750,772
2021-05-09 17:20,220,60,1750,772
2021-05-09 17:21,220,60,1750,772
2021-05-09 17:22,220,60,1750,772
2021-05-09 17:23,220,60,1750,772
2021-05-09 17:24,220,60,1750,772
2021-05-09 17:25,220,60,1750,772
2021-05-09 17:26,220,60,1750,772
2021-05-09 17:27,220,60,1750,772
2021-05-09 17:28,220,60,1750,772
2021-05-09 17:29,220,60,1750,772
2021-05-09 17:30,220,60,1750,772
2021-05-09 17:31,220,60,1750,772
2021-05-09 17:32,220,60,1750,772
2021-05-09 17:33,220,60,1750,772
2021-05-09 17:34,220,60,1750,772
2021-05-09 17:35,220,60,1750,772
2021-05-09 17:36,220,60,1750,772
2021-05-09 17:37,220,60,1750,772
2021-05-09 17:38,220,60,1750,772
2021-05-09 17:39,220,60,1750,772
2021-05-09 17:40,220,60,1750,772
2021-05-09 17:41,220,60,1750,772
2021-05-09 17:42,220,60,1750,772
2021-05-09 17:43,220,60,1750,772
2021-05-09 17:44,220,60,1750,772
2021-05-09 17:45,220,60,1750,772
2021-05-09 17:46,220,60,1750,772
2021-05-09 17:47,220,60,1750,772
2021-05-09 17:48,220,60,1750,772
2021-05-09 17:49,220,60,1750,772
2021-05-09 17:50,220,60,1750,772
2021-05-09 17:51,220,60,1750,772
2021-05-09 17:52,220,60,1750,772
2021-05-09 17:53,220,60,1750,772
2021-05-09 17:54,220,60,1750,772
2021-05-09 17:55,220,60,1750,772
2021-05-09 17:57,220,60,1750,772
2021-05-09 17:58,220,60,1750,772
2021-05-09 17:59,220,60,1750,772
2021-05-09 18:00,220,60,1750,772
2021-05-09 18:01,220,60,1750,772
2021-05-09 18:02,220,60,1750,772
2021-05-09 18:03,220,60,1750,772
2021-05-09 18:04,220,60,1750,772
2021-05-09 18:05,220,60,1750,772
2021-05-09 18:06,220,60,1750,772
2021-05-09 18:07,220,60,1750,772
2021-05-09 18:08,220,60,1750,772
2021-05-09 18:09,220,60,1750,772
2021-05-09 18:10,220,60,1750,772
2021-05-09 18:11,220,60,1750,772
2021-05-09 18:12,220,60,1750,772
2021-05-09 18:13,220,60,1750,772
2021-05-09 18:14,220,60,1750,772
2021-05-09 18:15,220,60,1750,772
2021-05-09 18:16,220,60,1750,772
2021-05-09 18:17,220,60,1750,772
2021-05-09 18:18,220,60,1750,772
2021-05-09 18:19,220,60,1750,772
2021-05-09 18:20,220,60,1750,772
2021-05-09 18:21,220,60,1750,772
2021-05-09 18:22,220,60,1750,772
2021-05-09 18:23,220,60,1750,772
2021-05-09 18:24,220,60,1750,772
2021-05-09 18:25,220,60,1750,772
2021-05-09 18:26,220,60,1750,772
2021-05-09 18:27,220,60,1750,772
2021-05-09 18:28,220,60,1750,772
2021-05-09 18:29,220,60,1750,772
2021-05-09 18:30,220,60,1750,772
2021-05-09 18:31,220,60,1750,772
2021-05-09 18:32,220,60,1750,772
2021-05-09 18:33,220,60,1750,772
2021-05-09 18:34,220,60,1750,772
2021-05-09 18:35,220,60,1750,772
2021-05-09 18:36,220,60,1750,772
2021-05-09 18:37,220,60,1750,772
2021-05-09 18:38,220,60,1750,772
2021-05-09 18:39,220,60,1750,772
2021-05-09 18:40,220,60,1750,772
2021-05-09 18:41,220,60,1750,772
2021-05-09 18:42,220,60,1750,772
2021-05-09 18:43,220,60,1750,772
2021-05-09 18:44,220,60,1750,772
2021-05-09 18:45,220,60,1750,772
2021-05-09 18:46,220,60,1750,772
2021-05-09 18:47,220,60,1750,772
2021-05-09 18:48,220,60,1750,772
2021-05-09 18:49,220,60,1750,772
2021-05-09 18:50,220,60,1750,772
2021-05-09 18:51,220,60,1750,772
2021-05-09 18:52,220,60,1750,772
2021-05-09 18:53,220,60,1750,772
2021-05-09 18:54,220,60,1750,772
2021-05-09 18:55,220,60,1750,772
2021-05-09 18:56,220,60,1750,772
2021-05-09 18:57,220,60,1750,772
2021-05-09 18:58,220,60,1750,772
2021-05-09 18:59,220,60,1750,772
2021-05-09 19:00,220,60,1750,772
2021-05-09 19:01,220,60,1750,772
2021-05-09 19:02,220,60,1750,772
2021-05-09 19:03,220,60,1750,772
2021-05-09 19:04,220,60,1750,772
2021-05-09 19:05,220,60,1750,772
2021-05-09 19:06,220,60,1750,772
2021-05-09 19:07,220,60,1750,772
2021-05-09 19:08,220,60,1750,772
2021-05-09 19:09,220,60,1750,772
2021-05-09 19:10,220,60,1750,772
2021-05-09 19:11,220,60,1750,772
2021-05-09 19:12,220,60,1750,772
2021-05-09 19:13,220,60,1750,772
2021-05-09 19:14,220,60,1750,772
2021-05-09 19:15,220,60,1750,772
2021-05-09 19:16,220,60,1750,772
2021-05-09 19:17,220,60,1750,772
2021-05-09 19:18,220,60,1750,772
2021-05-09 19:19,220,60,1750,772
2021-05-09 19:20,220,60,1750,772
2021-05-09 19:21,220,60,1750,772
2021-05-09 19:22,220,60,1750,772
2021-05-09 19:23,220,60,1750,772
2021-05-09 19:24,220,60,1750,772
2021-05-09 19:25,220,60,1750,772
2021-05-09 19:26,220,60,1750,772
2021-05-09 19:27,220,60,1750,772
2021-05-09 19:28,220,60,1750,772
2021-05-09 19:29,220,60,1750,772
2021-05-09 19:30,220,60,1750,772
2021-05-09 19:31,220,60,1750,772
2021-05-09 19:32,220,60,1750,772
2021-05-09 19:33,220,60,1750,772
2021-05-09 19:34,220,60,1750,772
2021-05-09 19:35,220,60,1750,772
2021-05-09 19:36,220,60,1750,772
2021-05-09 19:37,220,60,1750,772
2021-05-09 19:38,220,60,1750,772
2021-05-09 19:39,220,60,1750,772
2021-05-09 19:40,220,60,1750,772
2021-05-09 19:41,220,60,1750,772
2021-05-09 19:42,220,60,1750,772
2021-05-09 19:43,220,60,1750,772
2021-05-09 19:44,220,60,1750,772
2021-05-09 19:45,220,60,1750,772
2021-05-09 19:46,220,60,1750,772
2021-05-09 19:47,220,60,1750,772
2021-05-09 19:48,220,60,1750,772
2021-05-09 19:49,220,60,1750,772
2021-05-09 19:50,220,60,1750,772
2021-05-09 19:51,220,60,1750,772
2021-05-09 19:52,220,60,1750,772
2021-05-09 19:53,220,60,1750,772
2021-05-09 19:54,220,60,1750,772
2021-05-09 19:55,220,60,1750,772
2021-05-09 19:56,220,60,1750,772
2021-05-09 19:57,220,60,1750,772
2021-05-09 19:58,220,60,1750,772
2021-05-09 19:59,220,60,1750,772
2021-05-09 20:00,220,60,1750,772
2021-05-09 20:01,220,60,1750,772
2021-05-09 20:02,220,60,1750,772
2021-05-09 20:03,220,60,1750,772
2021-05-09 20:04,220,60,1750,772
2021-05-09 20:05,220,60,1750,772
2021-05-09 20:06,220,60,1750,772
2021-05-09 20:07,220,60,1750,772
2021-05-09 20:08,220,60,1750,772
2021-05-09 20:09,220,60,1750,772
2021-05-09 20:10,220,60,1750,772
2021-05-09 20:11,220,60,1750,772
2021-05-09 20:12,220,60,1750,772
2021-05-09 20:13,220,60,1750,772
2021-05-09 20:14,220,60,1750,772
2021-05-09 20:15,220,60,1750,772
2021-05-09 20:16,220,60,1750,772
2021-05-09 20:17,220,60,1750,772
2021-05-09 20:18,220,60,1750,772
2021-05-09 20:19,220,60,1750,772
2021-05-09 20:20,220,60,1750,772
2021-05-09 20:21,220,60,1750,772
2021-05-09 20:22,220,60,1750,772
2021-05-09 20:23,220,60,1750,772
2021-05-09 20:24,220,60,1750,772
2021-05-09 20:25,220,60,1750,772
2021-05-09 20:26,220,60,1750,772
2021-05-09 20:27,220,60,1750,772
2021-05-09 20:28,220,60,1750,772
2021-05-09 20:29,220,60,1750,772
2021-05-09 20:30,220,60,1750,772
2021-05-09 20:31,220,60,1750,772
2021-05-09 20:32,220,60,1750,772
2021-05-09 20:33,220,60,1750,772
2021-05-09 20:34,220,60,1750,772
2021-05-09 20:35,220,60,1750,772
2021-05-09 20:36,220,60,1750,772
2021-05-09 20:37,220,60,1750,772
2021-05-09 20:38,220,60,1750,772
2021-05-09 20:39,220,60,1750,772
2021-05-09 20:40,220,60,1750,772
2021-05-09 20:41,220,60,1750,772
2021-05-09 20:42,220,60,1750,772
2021-05-09 20:43,220,60,1750,772
2021-05-09 20:44,220,60,1750,772
2021-05-09 20:45,220,60,1750,772
2021-05-09 20:46,220,60,1750,772
2021-05-09 20:47,220,60,1750,772
2021-05-09 20:48,220,60,1750,772
2021-05-09 20:49,220,60,1750,772
2021-05-09 20:50,220,60,1750,772
2021-05-09 20:51,220,60,1750,772
2021-05-09 20:52,220,60,1750,772
2021-05-09 20:53,220,60,1750,772
2021-05-09 20:54,220,60,1750,772
2021-05-09 20:55,220,60,1750,772
2021-05-09 20:56,220,60,1750,772
2021-05-09 20:57,220,60,1750,772
2021-05-09 20:58,220,60,1750,772
2021-05-09 20:59,220,60,1750,772
2021-05-09 21:00,220,60,1750,772
2021-05-09 21:01,220,60,1750,772
2021-05-09 21:02,220,60,1750,772
2021-05-09 21:03,220,60,1750,772
2021-05-09 21:04,220,60,1750,772
2021-05-09 21:05,220,60,1750,772
2021-05-09 21:06,220,60,1750,772
2021-05-09 21:07,220,60,1750,772
2021-05-09 21:08,220,60,1750,772
2021-05-09 21:09,220,60,1750,772
2021-05-09 21:10,220,60,1750,772
2021-05-09 21:11,220,60,1750,772
2021-05-09 21:12,220,60,1750,772
2021-05-09 21:13,220,60,1750,772
2021-05-09 21:14,220,60,1750,772
2021-05-09 21:15,220,60,1750,772
2021-05-09 21:16,220,60,1750,772
2021-05-09 21:17,220,60,1750,772
2021-05-09 21:18,220,60,1750,772
2021-05-09 21:19,220,60,1750,772
2021-05-09 21:20,220,60,1750,772
2021-05-09 21:21,220,60,1750,772
2021-05-09 21:22,220,60,1750,772
2021-05-09 21:23,220,60,1750,772
2021-05-09 21:24,220,60,1750,772
2021-05-09 21:25,220,60,1750,772
2021-05-09 21:26,220,60,1750,772
2021-05-09 21:27,220,60,1750,772
2021-05-09 21:28,220,60,1750,772
2021-05-09 21:29,220,60,1750,772
2021-05-09 21:30,220,60,1750,772
2021-05-09 21:31,220,60,1750,772
2021-05-09 21:32,220,60,1750,772
2021-05-09 21:33,220,60,1750,772
2021-05-09 21:34,220,60,1750,772
2021-05-09 21:35,220,60,1750,772
2021-05-09 21:36,220,60,1750,772
2021-05-09 21:37,220,60,1750,772
2021-05-09 21:38,220,60,1750,772
2021-05-09 21:39,220,60,1750,772
2021-05-09 21:40,220,60,1750,772
2021-05-09 21:41,220,60,1750,772
2021-05-09 21:42,220,60,1750,772
2021-05-09 21:43,220,60,1750,772
2021-05-09 21:44,220,60,1750,772
2021-05-09 21:45,220,60,1750,772
2021-05-09 21:46,220,60,1750,772
2021-05-09 21:47,220,60,1750,772
2021-05-09 21:48,220,60,1750,772
2021-05-09 21:49,220,60,1750,772
2021-05-09 21:50,220,60,1750,772
2021-05-09 21:51,220,60,1750,772
2021-05-09 21:52,220,60,1750,772
2021-05-09 21:53,220,60,1750,772
2021-05-09 21:54,220,60,1750,772
2021-05-09 21:55,220,60,1750,772
2021-05-09 21:56,220,60,1750,772
2021-05-09 21:57,220,60,1750,772
2021-05-09 21:58,220,60,1750,772
2021-05-09 21:59,220,60,1750,772
2021-05-09 22:00,220,60,1750,772
2021-05-09 22:01,220,60,1750,772
2021-05-09 22:02,220,60,1750,772
2021-05-09 22:03,220,60,1750,772
2021-05-09 22:04,220,60,1750,772
2021-05-09 22:05,220,60,1750,772
2021-05-09 22:06,220,60,1750,772
2021-05-09 22:07,220,60,1750,772
2021-05-09 22:08,220,60,1750,772
2021-05-09 22:09,220,60,1750,772
2021-05-09 22:10,220,60,1750,772
2021-05-09 22:11,220,60,1750,772
2021-05-09 22:12,220,60,1750,772
2021-05-09 22:13,220,60,1750,772
2021-05-09 22:14,220,60,1750,772
2021-05-09 22:15,220,60,1750,772
2021-05-09 22:16,220,60,1750,772
2021-05-09 22:17,220,60,1750,772
2021-05-09 22:18,220,60,1750,772
2021-05-09 22:19,220,60,1750,772
2021-05-09 22:20,220,60,1750,772
2021-05-09 22:21,220,60,1750,772
2021-05-09 22:22,220,60,1750,772
2021-05-09 22:23,220,60,1750,772
2021-05-09 22:24,220,60,1750,772
2021-05-09 22:25,220,60,1750,772
2021-05-09 22:26,220,60,1750,772
2021-05-09 22:27,220,60,1750,772
2021-05-09 22:28,220,60,1750,772
2021-05-09 22:29,220,60,1750,772
2021-05-09 22:30,220,60,1750,772
2021-05-09 22:31,220,60,1750,772
2021-05-09 22:32,220,60,1750,772
2021-05-09 22:33,220,60,1750,772
2021-05-09 22:34,220,60,1750,772
2021-05-09 22:35,220,60,1750,772
2021-05-09 22:36,220,60,1750,772
2021-05-09 22:37,220,60,1750,772
2021-05-09 22:38,220,60,1750,772
2021-05-09 22:39,220,60,1750,772
2021-05-09 22:41,220,60,1750,772
2021-05-09 22:42,220,60,1750,772
2021-05-09 22:43,220,60,1750,772
2021-05-09 22:44,220,60,1750,772
2021-05-09 22:45,220,60,1750,772
2021-05-09 22:46,220,60,1750,772
2021-05-09 22:47,220,60,1750,772
2021-05-09 22:48,220,60,1750,772
2021-05-09 22:49,220,60,1750,772
2021-05-09 22:50,220,60,1750,772
2021-05-09 22:51,220,60,1750,772
2021-05-09 22:52,220,60,1750,772
2021-05-09 22:53,220,60,1750,772
2021-05-09 22:54,220,60,1750,772
2021-05-09 22:55,220,60,1750,772
2021-05-09 22:56,220,60,1750,772
2021-05-09 22:57,220,60,1750,772
2021-05-09 22:58,220,60,1750,772
2021-05-09 22:59,220,60,1750,772
2021-05-09 23:00,220,60,1750,772
2021-05-09 23:01,220,60,1750,772
2021-05-09 23:02,220,60,1750,772
2021-05-09 23:03,220,60,1750,772
2021-05-09 23:04,220,60,1750,772
2021-05-09 23:05,220,60,1750,772
2021-05-09 23:06,220,60,1750,772
2021-05-09 23:07,220,60,1750,772
2021-05-09 23:08,220,60,1750,772
2021-05-09 23:09,220,60,1750,772
2021-05-09 23:10,220,60,1750,772
2021-05-09 23:11,220,60,1750,772
2021-05-09 23:12,220,60,1750,772
2021-05-09 23:13,220,60,1750,772
2021-05-09 23:14,220,60,1750,772
2021-05-09 23:15,220,60,1750,772
2021-05-09 23:16,220,60,1750,772
2021-05-09 23:17,220,60,1750,772
2021-05-09 23:18,220,60,1750,772
2021-05-09 23:19,220,60,1750,772
2021-05-09 23:20,220,60,1750,772
2021-05-09 23:21,220,60,1750,772
2021-05-09 23:22,220,60,1750,772
2021-05-09 23:23,220,60,1750,772
2021-05-09 23:24,220,60,1750,772
2021-05-09 23:25,220,60,1750,772
2021-05-09 23:26,220,60,1750,772
2021-05-09 23:27,220,60,1750,772
2021-05-09 23:28,220,60,1750,772
2021-05-09 23:29,220,60,1750,772
2021-05-09 23:30,220,60,1750,772
2021-05-09 23:31,220,60,1750,772
2021-05-09 23:32,220,60,1750,772
2021-05-09 23:33,220,60,1750,772
2021-05-09 23:34,220,60,1750,772
2021-05-09 23:35,220,60,1750,772
2021-05-09 23:36,220,60,1750,772
2021-05-09 23:37,220,60,1750,772
2021-05-09 23:38,220,60,1750,772
2021-05-09 23:39,220,60,1750,772
2021-05-09 23:40,220,60,1750,772
2021-05-09 23:41,220,60,1750,772
2021-05-09 23:42,220,60,1750,772
2021-05-09 23:43,220,60,1750,772
2021-05-09 23:44,220,60,1750,772
2021-05-09 23:45,220,60,1750,772
2021-05-09 23:46,220,60,1750,772
2021-05-09 23:47,220,60,1750,772
2021-05-09 23:48,220,60,1750,772
2021-05-09 23:49,220,60,1750,772
2021-05-09 23:50,220,60,1750,772
2021-05-09 23:51,220,60,1750,772
2021-05-09 23:52,220,60,1750,772
2021-05-09 23:53,220,60,1750,772
2021-05-09 23:54,220,60,1750,772
2021-05-09 23:55,220,60,1750,772
2021-05-09 23:56,220,60,1750,772
2021-05-09 23:57,220,60,1750,772
2021-05-09 23:58,220,60,1750,772
2021-05-09 23:59,220,60,1750,772
